logged_at,facility,site_last_updated,percent_full
2026-10-07 00:36:46,Raider Power Zone,10:50 PM,24
2026-10-07 00:36:46,Front Courts,10:50 PM,40
2026-10-07 00:36:46,Indoor Soccer Court,10:50 PM,0
2026-10-07 00:36:46,Machine Weight Room,10:50 PM,46
2026-10-07 00:36:46,Free Weight Room,10:50 PM,36
2026-10-07 00:36:46,Back Courts,10:50 PM,40
2026-10-07 00:36:46,Main Level Cardio,10:50 PM,17
2026-10-07 00:36:46,Indoor Track,10:50 PM,6
2026-10-07 00:36:46,Track Level Cardio,10:50 PM,31
2026-10-07 07:27:21,Raider Power Zone,6:54 AM,18
2026-10-07 07:27:21,Front Courts,6:54 AM,8
2026-10-07 07:27:21,Indoor Soccer Court,6:54 AM,0
2026-10-07 07:27:21,Machine Weight Room,6:54 AM,20
2026-10-07 07:27:21,Free Weight Room,6:54 AM,30
2026-10-07 07:27:21,Back Courts,6:54 AM,0
2026-10-07 07:27:21,Main Level Cardio,6:54 AM,14
2026-10-07 07:27:21,Indoor Track,6:54 AM,6
2026-10-07 07:27:21,Track Level Cardio,6:54 AM,8
